{
	"sources" : 
	[
		{
			"file" : "C:/Nordic/SDKs/ncs/my_projects/2.5.0/serial_recover_nsib/build_v1/modules/nrf/samples/CMakeFiles/b0_subimage"
		},
		{
			"file" : "C:/Nordic/SDKs/ncs/my_projects/2.5.0/serial_recover_nsib/build_v1/modules/nrf/samples/CMakeFiles/b0_subimage.rule"
		},
		{
			"file" : "C:/Nordic/SDKs/ncs/my_projects/2.5.0/serial_recover_nsib/build_v1/modules/nrf/samples/CMakeFiles/b0_subimage-complete.rule"
		},
		{
			"file" : "C:/Nordic/SDKs/ncs/my_projects/2.5.0/serial_recover_nsib/build_v1/modules/nrf/samples/b0_subimage-prefix/src/b0_subimage-stamp/b0_subimage-build.rule"
		},
		{
			"file" : "C:/Nordic/SDKs/ncs/my_projects/2.5.0/serial_recover_nsib/build_v1/modules/nrf/samples/b0_subimage-prefix/src/b0_subimage-stamp/b0_subimage-configure.rule"
		},
		{
			"file" : "C:/Nordic/SDKs/ncs/my_projects/2.5.0/serial_recover_nsib/build_v1/modules/nrf/samples/b0_subimage-prefix/src/b0_subimage-stamp/b0_subimage-download.rule"
		},
		{
			"file" : "C:/Nordic/SDKs/ncs/my_projects/2.5.0/serial_recover_nsib/build_v1/modules/nrf/samples/b0_subimage-prefix/src/b0_subimage-stamp/b0_subimage-install.rule"
		},
		{
			"file" : "C:/Nordic/SDKs/ncs/my_projects/2.5.0/serial_recover_nsib/build_v1/modules/nrf/samples/b0_subimage-prefix/src/b0_subimage-stamp/b0_subimage-mkdir.rule"
		},
		{
			"file" : "C:/Nordic/SDKs/ncs/my_projects/2.5.0/serial_recover_nsib/build_v1/modules/nrf/samples/b0_subimage-prefix/src/b0_subimage-stamp/b0_subimage-patch.rule"
		},
		{
			"file" : "C:/Nordic/SDKs/ncs/my_projects/2.5.0/serial_recover_nsib/build_v1/modules/nrf/samples/b0_subimage-prefix/src/b0_subimage-stamp/b0_subimage-update.rule"
		}
	],
	"target" : 
	{
		"labels" : 
		[
			"b0_subimage"
		],
		"name" : "b0_subimage"
	}
}