{
	"sources" : 
	[
		{
			"file" : "C:/Nordic/SDKs/ncs/my_projects/2.5.0/serial_recover_nsib/build_v1/modules/mcuboot/CMakeFiles/s1_image_subimage"
		},
		{
			"file" : "C:/Nordic/SDKs/ncs/my_projects/2.5.0/serial_recover_nsib/build_v1/modules/mcuboot/CMakeFiles/s1_image_subimage.rule"
		},
		{
			"file" : "C:/Nordic/SDKs/ncs/my_projects/2.5.0/serial_recover_nsib/build_v1/modules/mcuboot/CMakeFiles/s1_image_subimage-complete.rule"
		},
		{
			"file" : "C:/Nordic/SDKs/ncs/my_projects/2.5.0/serial_recover_nsib/build_v1/modules/mcuboot/s1_image_subimage-prefix/src/s1_image_subimage-stamp/s1_image_subimage-build.rule"
		},
		{
			"file" : "C:/Nordic/SDKs/ncs/my_projects/2.5.0/serial_recover_nsib/build_v1/modules/mcuboot/s1_image_subimage-prefix/src/s1_image_subimage-stamp/s1_image_subimage-configure.rule"
		},
		{
			"file" : "C:/Nordic/SDKs/ncs/my_projects/2.5.0/serial_recover_nsib/build_v1/modules/mcuboot/s1_image_subimage-prefix/src/s1_image_subimage-stamp/s1_image_subimage-download.rule"
		},
		{
			"file" : "C:/Nordic/SDKs/ncs/my_projects/2.5.0/serial_recover_nsib/build_v1/modules/mcuboot/s1_image_subimage-prefix/src/s1_image_subimage-stamp/s1_image_subimage-install.rule"
		},
		{
			"file" : "C:/Nordic/SDKs/ncs/my_projects/2.5.0/serial_recover_nsib/build_v1/modules/mcuboot/s1_image_subimage-prefix/src/s1_image_subimage-stamp/s1_image_subimage-mkdir.rule"
		},
		{
			"file" : "C:/Nordic/SDKs/ncs/my_projects/2.5.0/serial_recover_nsib/build_v1/modules/mcuboot/s1_image_subimage-prefix/src/s1_image_subimage-stamp/s1_image_subimage-patch.rule"
		},
		{
			"file" : "C:/Nordic/SDKs/ncs/my_projects/2.5.0/serial_recover_nsib/build_v1/modules/mcuboot/s1_image_subimage-prefix/src/s1_image_subimage-stamp/s1_image_subimage-update.rule"
		}
	],
	"target" : 
	{
		"labels" : 
		[
			"s1_image_subimage"
		],
		"name" : "s1_image_subimage"
	}
}