{
	"sources" : 
	[
		{
			"file" : "C:/Nordic/SDKs/ncs/my_projects/2.5.0/serial_recover_nsib/build_v1/modules/mcuboot/CMakeFiles/mcuboot_subimage"
		},
		{
			"file" : "C:/Nordic/SDKs/ncs/my_projects/2.5.0/serial_recover_nsib/build_v1/modules/mcuboot/CMakeFiles/mcuboot_subimage.rule"
		},
		{
			"file" : "C:/Nordic/SDKs/ncs/my_projects/2.5.0/serial_recover_nsib/build_v1/modules/mcuboot/CMakeFiles/mcuboot_subimage-complete.rule"
		},
		{
			"file" : "C:/Nordic/SDKs/ncs/my_projects/2.5.0/serial_recover_nsib/build_v1/modules/mcuboot/mcuboot_subimage-prefix/src/mcuboot_subimage-stamp/mcuboot_subimage-build.rule"
		},
		{
			"file" : "C:/Nordic/SDKs/ncs/my_projects/2.5.0/serial_recover_nsib/build_v1/modules/mcuboot/mcuboot_subimage-prefix/src/mcuboot_subimage-stamp/mcuboot_subimage-configure.rule"
		},
		{
			"file" : "C:/Nordic/SDKs/ncs/my_projects/2.5.0/serial_recover_nsib/build_v1/modules/mcuboot/mcuboot_subimage-prefix/src/mcuboot_subimage-stamp/mcuboot_subimage-download.rule"
		},
		{
			"file" : "C:/Nordic/SDKs/ncs/my_projects/2.5.0/serial_recover_nsib/build_v1/modules/mcuboot/mcuboot_subimage-prefix/src/mcuboot_subimage-stamp/mcuboot_subimage-install.rule"
		},
		{
			"file" : "C:/Nordic/SDKs/ncs/my_projects/2.5.0/serial_recover_nsib/build_v1/modules/mcuboot/mcuboot_subimage-prefix/src/mcuboot_subimage-stamp/mcuboot_subimage-mkdir.rule"
		},
		{
			"file" : "C:/Nordic/SDKs/ncs/my_projects/2.5.0/serial_recover_nsib/build_v1/modules/mcuboot/mcuboot_subimage-prefix/src/mcuboot_subimage-stamp/mcuboot_subimage-patch.rule"
		},
		{
			"file" : "C:/Nordic/SDKs/ncs/my_projects/2.5.0/serial_recover_nsib/build_v1/modules/mcuboot/mcuboot_subimage-prefix/src/mcuboot_subimage-stamp/mcuboot_subimage-update.rule"
		}
	],
	"target" : 
	{
		"labels" : 
		[
			"mcuboot_subimage"
		],
		"name" : "mcuboot_subimage"
	}
}