{
    "format-version": 0,
    "time": 1701096516,
    "files": [
        {
            "version_MCUBOOT": "1.2.3+4",
            "version_B0": "1",
            "type": "mcuboot",
            "board": "nrf52840dk_nrf52840",
            "soc": "nRF52840_QIAA",
            "load_address": 36864,
            "size": 42440,
            "file": "signed_by_mcuboot_and_b0_s0_image_update.bin",
            "modtime": 1701096515
        },
        {
            "version_MCUBOOT": "1.2.3+4",
            "version_B0": "1",
            "type": "mcuboot",
            "board": "nrf52840dk_nrf52840",
            "soc": "nRF52840_QIAA",
            "load_address": 90112,
            "size": 42438,
            "file": "signed_by_mcuboot_and_b0_s1_image_update.bin",
            "modtime": 1701096515
        }
    ],
    "name": "serial_recover_nsib",
    "firmware": {
        "zephyr": {
            "revision": "9d776042099ec459788927549bdcf2ce4bcf8050-dirty"
        },
        "nrf": {
            "revision": "1fae141fc6713dd331b797fc96c90dc84552242d"
        }
    }
}