{
    "format-version": 0,
    "time": 1701096494,
    "files": [
        {
            "load_address": 143872,
            "version_MCUBOOT": "1.2.3+4",
            "type": "application",
            "board": "nrf52840dk_nrf52840",
            "soc": "nRF52840_QIAA",
            "size": 44086,
            "file": "app_update.bin",
            "modtime": 1701096494
        }
    ],
    "name": "serial_recover_nsib",
    "firmware": {
        "zephyr": {
            "revision": "9d776042099ec459788927549bdcf2ce4bcf8050-dirty"
        },
        "nrf": {
            "revision": "1fae141fc6713dd331b797fc96c90dc84552242d"
        }
    }
}